{
  "produk": {
    "YouTube Premium 1 Bulan°17000°YT1B": {
      "deskripsi": "YT Prem - Anti Iklan",
      "stok": 1,
      "stok_terjual": 11,
      "total_stok": 12
    },
    "Spotify Premium 1 Bulan°15000°SP1B": {
      "deskripsi": "Spotify Premium bebas iklan",
      "stok": 5,
      "stok_terjual": 20,
      "total_stok": 25
    },
    "Netflix Premium 1 Bulan°50000°NP1B": {
      "deskripsi": "Akun Netflix Premium UHD",
      "stok": 3,
      "stok_terjual": 17,
      "total_stok": 20
    },
    "Disney+ Hotstar 1 Bulan°30000°DS1B": {
      "deskripsi": "Akses Disney+ Hotstar Premium",
      "stok": 10,
      "stok_terjual": 15,
      "total_stok": 25
    },
    "Voucher Google Play 100k°105000°GP100K": {
      "deskripsi": "Voucher saldo Google Play Rp100.000",
      "stok": 8,
      "stok_terjual": 12,
      "total_stok": 20
    },
    "Voucher Steam Wallet 50k°55000°SW50K": {
      "deskripsi": "Voucher Steam Wallet Rp50.000",
      "stok": 7,
      "stok_terjual": 23,
      "total_stok": 30
    },
    "Game Pass Ultimate 1 Bulan°15000°GPU1B": {
      "deskripsi": "Akses Xbox Game Pass Ultimate",
      "stok": 15,
      "stok_terjual": 25,
      "total_stok": 40
    },
    "PlayStation Plus 3 Bulan°175000°PSP3M": {
      "deskripsi": "Langganan PS Plus 3 Bulan",
      "stok": 4,
      "stok_terjual": 16,
      "total_stok": 20
    },
    "Minecraft Java Edition°400000°MCJE": {
      "deskripsi": "Game Minecraft Java Edition",
      "stok": 3,
      "stok_terjual": 2,
      "total_stok": 5,
      "suka": [
        "6285793589243"
      ]
    },
    "Roblox Robux 450°70000°RB450": {
      "deskripsi": "450 Robux untuk akun Roblox",
      "stok": 12,
      "stok_terjual": 8,
      "total_stok": 20
    },
    "Akun Canva Pro 1 Bulan°10000°CANVA1B": {
      "deskripsi": "Akun Canva Pro premium",
      "stok": 10,
      "stok_terjual": 15,
      "total_stok": 25
    },
    "Adobe Creative Cloud 1 Bulan°75000°ADCC1B": {
      "deskripsi": "Akses Adobe CC Semua Aplikasi",
      "stok": 2,
      "stok_terjual": 8,
      "total_stok": 10
    },
    "Voucher ShopeePay 50k°50000°SP50K": {
      "deskripsi": "Saldo ShopeePay Rp50.000",
      "stok": 20,
      "stok_terjual": 30,
      "total_stok": 50
    },
    "Paket Data Telkomsel 50GB°100000°TSEL50G": {
      "deskripsi": "Paket Data Telkomsel 50GB",
      "stok": 5,
      "stok_terjual": 10,
      "total_stok": 15
    },
    "Voucher GrabFood 100k°95000°GF100K": {
      "deskripsi": "Diskon GrabFood Rp100.000",
      "stok": 6,
      "stok_terjual": 14,
      "total_stok": 20
    },
    "Mobile Legends Diamond 500°150000°MLD500": {
      "deskripsi": "500 Diamond Mobile Legends",
      "stok": 25,
      "stok_terjual": 25,
      "total_stok": 50
    },
    "PUBG UC 660°100000°PU660": {
      "deskripsi": "660 UC untuk PUBG Mobile",
      "stok": 10,
      "stok_terjual": 40,
      "total_stok": 50
    },
    "Free Fire Diamond 310°45000°FFD310": {
      "deskripsi": "310 Diamond Free Fire",
      "stok": 30,
      "stok_terjual": 20,
      "total_stok": 50
    },
    "Genshin Impact Genesis Crystal 300°75000°GI300": {
      "deskripsi": "300 Genesis Crystal Genshin Impact",
      "stok": 8,
      "stok_terjual": 7,
      "total_stok": 15
    },
    "Spotify Duo 1 Bulan°25000°SPDUO1B": {
      "deskripsi": "Spotify Duo akun 2 pengguna",
      "stok": 15,
      "stok_terjual": 15,
      "total_stok": 30
    },
    "YouTube Premium 3 Bulan°50000°YT3B": {
      "deskripsi": "YT Premium Anti Iklan 3 Bulan",
      "stok": 2,
      "stok_terjual": 18,
      "total_stok": 20
    },
    "Netflix Premium 6 Bulan°300000°NP6B": {
      "deskripsi": "Akun Netflix Premium 6 Bulan",
      "stok": 2,
      "stok_terjual": 8,
      "total_stok": 10
    },
    "Voucher Ovo 200k°195000°OVO200K": {
      "deskripsi": "Saldo OVO Rp200.000",
      "stok": 6,
      "stok_terjual": 14,
      "total_stok": 20
    },
    "Paket Data XL 30GB°80000°XL30G": {
      "deskripsi": "Paket Data XL 30GB",
      "stok": 12,
      "stok_terjual": 18,
      "total_stok": 30
    },
    "Voucher iTunes 50k°55000°IT50K": {
      "deskripsi": "Saldo iTunes Rp50.000",
      "stok": 5,
      "stok_terjual": 10,
      "total_stok": 15
    }
  }
}